Model,MAE,RMSE,R² Score,MAPE
Random Forest,356225.10025082505,468296.1267744111,0.3424743461059859,40.929817149218714
XGBoost,332995.72685643565,491524.0890588706,0.275628784668115,36.88050912288851
